{
  "negatives_effect_best": {
    "mean_diff": -0.29294188494165363,
    "ci_low": -0.3487770624770968,
    "ci_high": -0.23710670740621045,
    "dz": -6.514448563669524,
    "t": -14.566749824290925,
    "p_t": 0.00012917472291038004,
    "p_wilcoxon": 0.0625,
    "n": 5
  },
  "pairtype_effect_best": {
    "mean_diff": -0.020656838562645975,
    "ci_low": -0.05953618264278692,
    "ci_high": 0.01822250551749497,
    "dz": -0.6597038444649531,
    "t": -1.4751426412415836,
    "p_t": 0.21420082201533983,
    "p_wilcoxon": 0.3125,
    "n": 5
  },
  "split_effect_best": {
    "mean_diff": -0.1188724926443947,
    "ci_low": -0.15003935214841935,
    "ci_high": -0.08770563314037004,
    "dz": -4.735789772922957,
    "t": -10.589547859404025,
    "p_t": 0.00045004290196688486,
    "p_wilcoxon": 0.0625,
    "n": 5
  },
  "joint_effect_best": {
    "mean_diff": -0.22926256845018989,
    "ci_low": -0.28864431924966466,
    "ci_high": -0.16988081765071508,
    "dz": -4.793847832840332,
    "t": -10.719369628021033,
    "p_t": 0.0004292278619914224,
    "p_wilcoxon": 0.0625,
    "n": 5
  },
  "epoch_gap_verbatim": {
    "mean_diff": 0.021343699277389484,
    "ci_low": -0.008450978611659374,
    "ci_high": 0.05113837716643834,
    "dz": 0.8894777476672441,
    "t": 1.988932708257363,
    "p_t": 0.11759404950346428,
    "p_wilcoxon": 0.125,
    "n": 5
  },
  "epoch_gap_random-uniform": {
    "mean_diff": 0.06529040081476749,
    "ci_low": 0.04534809043011478,
    "ci_high": 0.08523271119942019,
    "dz": 4.065162890172431,
    "t": 9.089980562035066,
    "p_t": 0.0008121703803983792,
    "p_wilcoxon": 0.0625,
    "n": 5
  },
  "epoch_gap_random-degmat": {
    "mean_diff": 0.0033512275106129643,
    "ci_low": -0.0023478198110212555,
    "ci_high": 0.009050274832247185,
    "dz": 0.7301393223955426,
    "t": 1.6326411579220677,
    "p_t": 0.17788144271736905,
    "p_wilcoxon": 0.5,
    "n": 5
  },
  "epoch_gap_cold-uniform": {
    "mean_diff": 0.10358062421478897,
    "ci_low": -0.029247784102114788,
    "ci_high": 0.23640903253169274,
    "dz": 0.9682592272891769,
    "t": 2.165093452060019,
    "p_t": 0.09633784576874431,
    "p_wilcoxon": 0.0625,
    "n": 5
  },
  "epoch_gap_cold-degmat": {
    "mean_diff": 0.18104455461894245,
    "ci_low": 0.11492440711377457,
    "ci_high": 0.24716470212411035,
    "dz": 3.3998185730545436,
    "t": 7.602225440516294,
    "p_t": 0.001606501545504888,
    "p_wilcoxon": 0.0625,
    "n": 5
  },
  "vs_degree_verbatim": {
    "mean_diff": 0.06336652925832767,
    "ci_low": 0.03852069427428757,
    "ci_high": 0.08821236424236777,
    "dz": 3.166725454054234,
    "t": 7.081013381344155,
    "p_t": 0.0020995427555489847,
    "p_wilcoxon": 0.0625,
    "n": 5
  },
  "vs_degree_random-uniform": {
    "mean_diff": 0.052529739166773615,
    "ci_low": 0.026532754795899897,
    "ci_high": 0.07852672353764734,
    "dz": 2.5089173816441734,
    "t": 5.610109815287156,
    "p_t": 0.0049596391339255174,
    "p_wilcoxon": 0.0625,
    "n": 5
  },
  "vs_degree_random-degmat": {
    "mean_diff": 0.05172853127122562,
    "ci_low": 0.029649789368810103,
    "ci_high": 0.07380727317364114,
    "dz": 2.9091084647541194,
    "t": 6.504964281110262,
    "p_t": 0.002881831300417071,
    "p_wilcoxon": 0.0625,
    "n": 5
  },
  "vs_degree_cold-uniform": {
    "mean_diff": 0.18959896231115037,
    "ci_low": 0.14954086909990638,
    "ci_high": 0.22965705552239435,
    "dz": 5.876919911217038,
    "t": 13.141192419803325,
    "p_t": 0.0001936554354372259,
    "p_wilcoxon": 0.0625,
    "n": 5
  },
  "vs_degree_cold-degmat": {
    "mean_diff": 0.1893622638716478,
    "ci_low": 0.15584336427020487,
    "ci_high": 0.22288116347309075,
    "dz": 7.014678538482352,
    "t": 15.685298052355414,
    "p_t": 9.649453824207264e-05,
    "p_wilcoxon": 0.0625,
    "n": 5
  }
}